{"train/loss": 0.265, "train/grad_norm": 1.0443973541259766, "train/learning_rate": 0.0, "train/epoch": 4.993960310612597, "train/global_step": 720, "_timestamp": 1742392778.3056679, "_runtime": 8028.942203760147, "_step": 151, "eval/loss": 0.27283480763435364, "eval/runtime": 55.8493, "eval/samples_per_second": 13.823, "eval/steps_per_second": 4.62, "train_runtime": 8030.7818, "train_samples_per_second": 4.329, "train_steps_per_second": 0.09, "total_flos": 5.629230306872525e+17, "train_loss": 0.3298803052968449, "_wandb": {"runtime": 8053}}