{"train/loss": 0.3127, "train/grad_norm": 0.6113654375076294, "train/learning_rate": 2.0017621787671303e-08, "train/epoch": 2.9931034482758623, "train/global_step": 324, "_timestamp": 1742452738.3913686, "_runtime": 2381.054712533951, "_step": 67, "eval/loss": 0.3129398822784424, "eval/runtime": 37.8853, "eval/samples_per_second": 20.377, "eval/steps_per_second": 5.094, "train_runtime": 2383.2045, "train_samples_per_second": 8.753, "train_steps_per_second": 0.136, "total_flos": 3.435422005980037e+17, "train_loss": 0.3851604667710669, "_wandb": {"runtime": 2408}}