{"train/loss": 0.2591, "train/grad_norm": 0.9797911047935486, "train/learning_rate": 0.0, "train/epoch": 4.993960310612597, "train/global_step": 720, "_timestamp": 1742404225.0352952, "_runtime": 7144.826721191406, "_step": 151, "eval/loss": 0.2625648081302643, "eval/runtime": 50.3033, "eval/samples_per_second": 15.347, "eval/steps_per_second": 5.129, "train_runtime": 7146.6517, "train_samples_per_second": 4.865, "train_steps_per_second": 0.101, "total_flos": 5.6282403008046694e+17, "train_loss": 0.3251323650280635, "_wandb": {"runtime": 7162}}