{"train/loss": 0.2801, "train/grad_norm": 0.7419143319129944, "train/learning_rate": 0.0, "train/epoch": 4.9936745255894195, "train/global_step": 540, "_timestamp": 1742492881.7159905, "_runtime": 6234.201365470886, "_step": 117, "eval/loss": 0.2993663251399994, "eval/runtime": 43.0981, "eval/samples_per_second": 17.913, "eval/steps_per_second": 4.478, "_wandb": {"runtime": 6275}}