{"train/loss": 0.2872, "train/grad_norm": 0.7855678200721741, "train/learning_rate": 0.0, "train/epoch": 4.9936745255894195, "train/global_step": 540, "_timestamp": 1742533739.0741959, "_runtime": 6115.802353858948, "_step": 113, "eval/loss": 0.3081163465976715, "eval/runtime": 42.7728, "eval/samples_per_second": 18.049, "eval/steps_per_second": 4.512, "train_runtime": 6117.8427, "train_samples_per_second": 5.683, "train_steps_per_second": 0.088, "total_flos": 5.633555051713659e+17, "train_loss": 0.3586619547119847, "_wandb": {"runtime": 6147}}