{"train/loss": 0.2816, "train/grad_norm": 0.4291318655014038, "train/learning_rate": 2.0017621787671303e-08, "train/epoch": 2.993674525589419, "train/global_step": 324, "_timestamp": 1742559376.508273, "_runtime": 3721.7122938632965, "_step": 67, "eval/loss": 0.2885146141052246, "eval/runtime": 45.8169, "eval/samples_per_second": 16.85, "eval/steps_per_second": 4.212, "train_runtime": 3723.7272, "train_samples_per_second": 5.602, "train_steps_per_second": 0.087, "total_flos": 3.386989117387571e+17, "train_loss": 0.3144116754885073, "_wandb": {"runtime": 3756}}