{"train/loss": 0.2768, "train/grad_norm": 0.768218994140625, "train/learning_rate": 0.0, "train/epoch": 4.993103448275862, "train/global_step": 540, "_timestamp": 1742462286.8606956, "_runtime": 3982.8992705345154, "_step": 113, "eval/loss": 0.29080432653427124, "eval/runtime": 37.8586, "eval/samples_per_second": 20.392, "eval/steps_per_second": 5.098, "train_runtime": 3984.7646, "train_samples_per_second": 8.724, "train_steps_per_second": 0.136, "total_flos": 5.72642401286357e+17, "train_loss": 0.3446029852937769, "_wandb": {"runtime": 4009}}